,English,日本語
,Abra,ケーシィ
,Aerodactyl,プテラ
,Alakazam,フーディン
,Arbok,アーボック
,Arcanine,ウインディ
,Articuno,フリーザー
,Beedrill,スピアー
,Bellsprout,マダツボミ
,Blastoise,カメックス
,Bulbasaur,フシギダネ
,Butterfree,バタフリー
,Caterpie,キャタピー
,Chansey,ラッキー
,Charizard,リザードン
,Charmander,ヒトカゲ
,Charmeleon,リザード
,Clefable,ピクシー
,Clefairy,ピッピ
,Cloyster,パルシェン
,Cubone,カラカラ
,Dewgong,ジュゴン
,Diglett,ディグダ
,Ditto,メタモン
,Dodrio,ドードリオ
,Doduo,ドードー
,Dragonair,ハクリュー
,Dragonite,カイリュー
,Dratini,ミニリュウ
,Drowzee,スリープ
,Dugtrio,ダグトリオ
,Eevee,イーブイ
,Ekans,アーボ
,Electabuzz,エレブー
,Electrode,マルマイン
,Exeggcute,タマタマ
,Exeggutor,ナッシー
,Farfetch’d,カモネギ
,Fearow,オニドリル
,Flareon,ブースター
,Gastly,ゴース
,Gengar,ゲンガー
,Geodude,イシツブテ
,Gloom,クサイハナ
,Golbat,ゴルバット
,Goldeen,トサキント
,Golduck,ゴルダック
,Golem,ゴローニャ
,Graveler,ゴローン
,Grimer,ベトベター
,Growlithe,ガーディ
,Gyarados,ギャラドス
,Haunter,ゴースト
,Hitmonchan,エビワラー
,Hitmonlee,サワムラー
,Horsea,タッツー
,Hypno,スリーパー
,Ivysaur,フシギソウ
,Jigglypuff,プリン
,Jolteon,サンダース
,Jynx,ルージュラ
,Kabuto,カブト
,Kabutops,カブトプス
,Kadabra,ユンゲラー
,Kakuna,コクーン
,Kangaskhan,ガルーラ
,Kingler,キングラー
,Koffing,ドガース
,Krabby,クラブ
,Lapras,ラプラス
,Lickitung,ベロリンガ
,Machamp,カイリキー
,Machoke,ゴーリキー
,Machop,ワンリキー
,Magikarp,コイキング
,Magmar,ブーバー
,Magnemite,コイル
,Magneton,レアコイル
,Mankey,マンキー
,Marowak,ガラガラ
,Meowth,ニャース
,Metapod,トランセル
,Mew,ミュウ
,Mewtwo,ミュウツー
,Moltres,ファイヤー
,Mr. Mime,バリヤード
,Muk,ベトベトン
,Nidoking,ニドキング
,Nidoqueen,ニドクイン
,Nidoran-F,ニドラン♀
,Nidoran-M,ニドラン♂
,Nidorina,ニドリーナ
,Nidorino,ニドリーノ
,Ninetales,キュウコン
,Oddish,ナゾノクサ
,Omanyte,オムナイト
,Omastar,オムスター
,Onix,イワーク
,Paras,パラス
,Parasect,パラセクト
,Persian,ペルシアン
,Pidgeot,ピジョット
,Pidgeotto,ピジョン
,Pidgey,ポッポ
,Pikachu,ピカチュウ
,Pinsir,カイロス
,Poliwag,ニョロモ
,Poliwhirl,ニョロゾ
,Poliwrath,ニョロボン
,Ponyta,ポニータ
,Porygon,ポリゴン
,Primeape,オコリザル
,Psyduck,コダック
,Raichu,ライチュウ
,Rapidash,ギャロップ
,Raticate,ラッタ
,Rattata,コラッタ
,Rhydon,サイドン
,Rhyhorn,サイホーン
,Sandshrew,サンド
,Sandslash,サンドパン
,Scyther,ストライク
,Seadra,シードラ
,Seaking,アズマオウ
,Seel,パウワウ
,Shellder,シェルダー
,Slowbro,ヤドラン
,Slowpoke,ヤドン
,Snorlax,カビゴン
,Spearow,オニスズメ
,Squirtle,ゼニガメ
,Starmie,スターミー
,Staryu,ヒトデマン
,Tangela,モンジャラ
,Tauros,ケンタロス
,Tentacool,メノクラゲ
,Tentacruel,ドククラゲ
,Vaporeon,シャワーズ
,Venomoth,モルフォン
,Venonat,コンパン
,Venusaur,フシギバナ
,Victreebel,ウツボット
,Vileplume,ラフレシア
,Voltorb,ビリリダマ
,Vulpix,ロコン
,Wartortle,カメール
,Weedle,ビードル
,Weepinbell,ウツドン
,Weezing,マタドガス
,Wigglytuff,プクリン
,Zapdos,サンダー
,Zubat,ズバット
,Aipom,エイパム
,Ampharos,デンリュウ
,Ariados,アリアドス
,Azumarill,マリルリ
,Bayleef,ベイリーフ
,Bellossom,キレイハナ
,Blissey,ハピナス
,Celebi,セレビィ
,Chikorita,チコリータ
,Chinchou,チョンチー
,Cleffa,ピィ
,Corsola,サニーゴ
,Crobat,クロバット
,Croconaw,アリゲイツ
,Cyndaquil,ヒノアラシ
,Delibird,デリバード
,Donphan,ドンファン
,Dunsparce,ノコッチ
,Elekid,エレキッド
,Entei,エンテイ
,Espeon,エーフィ
,Feraligatr,オーダイル
,Flaaffy,モココ
,Forretress,フォレトス
,Furret,オオタチ
,Girafarig,キリンリキ
,Gligar,グライガー
,Granbull,グランブル
,Heracross,ヘラクロス
,Hitmontop,カポエラー
,Ho-Oh,ホウオウ
,Hoothoot,ホーホー
,Hoppip,ハネッコ
,Houndoom,ヘルガー
,Houndour,デルビル
,Igglybuff,ププリン
,Jumpluff,ワタッコ
,Kingdra,キングドラ
,Lanturn,ランターン
,Larvitar,ヨーギラス
,Ledian,レディアン
,Ledyba,レディバ
,Lugia,ルギア
,Magby,ブビィ
,Magcargo,マグカルゴ
,Mantine,マンタイン
,Mareep,メリープ
,Marill,マリル
,Meganium,メガニウム
,Miltank,ミルタンク
,Misdreavus,ムウマ
,Murkrow,ヤミカラス
,Natu,ネイティ
,Noctowl,ヨルノズク
,Octillery,オクタン
,Phanpy,ゴマゾウ
,Pichu,ピチュー
,Piloswine,イノムー
,Pineco,クヌギダマ
,Politoed,ニョロトノ
,Porygon2,ポリゴン２
,Pupitar,サナギラス
,Quagsire,ヌオー
,Quilava,マグマラシ
,Qwilfish,ハリーセン
,Raikou,ライコウ
,Remoraid,テッポウオ
,Scizor,ハッサム
,Sentret,オタチ
,Shuckle,ツボツボ
,Skarmory,エアームド
,Skiploom,ポポッコ
,Slowking,ヤドキング
,Slugma,マグマッグ
,Smeargle,ドーブル
,Smoochum,ムチュール
,Sneasel,ニューラ
,Snubbull,ブルー
,Spinarak,イトマル
,Stantler,オドシシ
,Steelix,ハガネール
,Sudowoodo,ウソッキー
,Suicune,スイクン
,Sunflora,キマワリ
,Sunkern,ヒマナッツ
,Swinub,ウリムー
,Teddiursa,ヒメグマ
,Togepi,トゲピー
,Togetic,トゲチック
,Totodile,ワニノコ
,Typhlosion,バクフーン
,Tyranitar,バンギラス
,Tyrogue,バルキー
,Umbreon,ブラッキー
,Unown,アンノーン
,Ursaring,リングマ
,Wobbuffet,ソーナンス
,Wooper,ウパー
,Xatu,ネイティオ
,Yanma,ヤンヤンマ
,Absol,アブソル
,Aggron,ボスゴドラ
,Altaria,チルタリス
,Anorith,アノプス
,Armaldo,アーマルド
,Aron,ココドラ
,Azurill,ルリリ
,Bagon,タツベイ
,Baltoy,ヤジロン
,Banette,ジュペッタ
,Barboach,ドジョッチ
,Beautifly,アゲハント
,Beldum,ダンバル
,Blaziken,バシャーモ
,Breloom,キノガッサ
,Cacnea,サボネア
,Cacturne,ノクタス
,Camerupt,バクーダ
,Carvanha,キバニア
,Cascoon,マユルド
,Castform,ポワルン
,Castform-Rainy,ポワルン(たいよう)
,Castform-Snowy,ポワルン(あまみず)
,Castform-Sunny,ポワルン(ゆきぐも)
,Chimecho,チリーン
,Clamperl,パールル
,Claydol,ネンドール
,Combusken,ワカシャモ
,Corphish,ヘイガニ
,Cradily,ユレイドル
,Crawdaunt,シザリガー
,Delcatty,エネコロロ
,Deoxys,デオキシス(ノーマル)
,Deoxys-Attack,デオキシス(アタック)
,Deoxys-Defense,デオキシス(ディフェンス)
,Deoxys-Speed,デオキシス(スピード)
,Dusclops,サマヨール
,Duskull,ヨマワル
,Dustox,ドクケイル
,Electrike,ラクライ
,Exploud,バクオング
,Feebas,ヒンバス
,Flygon,フライゴン
,Gardevoir,サーナイト
,Glalie,オニゴーリ
,Gorebyss,サクラビス
,Groudon,グラードン
,Grovyle,ジュプトル
,Grumpig,ブーピッグ
,Gulpin,ゴクリン
,Hariyama,ハリテヤマ
,Huntail,ハンテール
,Illumise,イルミーゼ
,Jirachi,ジラーチ
,Kecleon,カクレオン
,Kirlia,キルリア
,Kyogre,カイオーガ
,Lairon,コドラ
,Latias,ラティアス
,Latios,ラティオス
,Lileep,リリーラ
,Linoone,マッスグマ
,Lombre,ハスブレロ
,Lotad,ハスボー
,Loudred,ドゴーム
,Ludicolo,ルンパッパ
,Lunatone,ルナトーン
,Luvdisc,ラブカス
,Makuhita,マクノシタ
,Manectric,ライボルト
,Marshtomp,ヌマクロー
,Masquerain,アメモース
,Mawile,クチート
,Medicham,チャーレム
,Meditite,アサナン
,Metagross,メタグロス
,Metang,メタング
,Mightyena,グラエナ
,Milotic,ミロカロス
,Minun,マイナン
,Mudkip,ミズゴロウ
,Nincada,ツチニン
,Ninjask,テッカニン
,Nosepass,ノズパス
,Numel,ドンメル
,Nuzleaf,コノハナ
,Pelipper,ペリッパー
,Plusle,プラスル
,Poochyena,ポチエナ
,Ralts,ラルトス
,Rayquaza,レックウザ
,Regice,レジアイス
,Regirock,レジロック
,Registeel,レジスチル
,Relicanth,ジーランス
,Roselia,ロゼリア
,Sableye,ヤミラミ
,Salamence,ボーマンダ
,Sceptile,ジュカイン
,Sealeo,トドグラー
,Seedot,タネボー
,Seviper,ハブネーク
,Sharpedo,サメハダー
,Shedinja,ヌケニン
,Shelgon,コモルー
,Shiftry,ダーテング
,Shroomish,キノココ
,Shuppet,カゲボウズ
,Silcoon,カラサリス
,Skitty,エネコ
,Slaking,ケッキング
,Slakoth,ナマケロ
,Snorunt,ユキワラシ
,Solrock,ソルロック
,Spheal,タマザラシ
,Spinda,パッチール
,Spoink,バネブー
,Surskit,アメタマ
,Swablu,チルット
,Swalot,マルノーム
,Swampert,ラグラージ
,Swellow,オオスバメ
,Taillow,スバメ
,Torchic,アチャモ
,Torkoal,コータス
,Trapinch,ナックラー
,Treecko,キモリ
,Tropius,トロピウス
,Vibrava,ビブラーバ
,Vigoroth,ヤルキモノ
,Volbeat,バルビート
,Wailmer,ホエルコ
,Wailord,ホエルオー
,Walrein,トドゼルガ
,Whiscash,ナマズン
,Whismur,ゴニョニョ
,Wingull,キャモメ
,Wurmple,ケムッソ
,Wynaut,ソーナノ
,Zangoose,ザングース
,Zigzagoon,ジグザグマ
,Abomasnow,ユキノオー
,Ambipom,エテボース
,Arceus,アルセウス
,Arceus-Bug,アルセウス
,Arceus-Dark,アルセウス(あく)
,Arceus-Dragon,アルセウス(ドラゴン)
,Arceus-Electric,アルセウス(でんき)
,Arceus-Fighting,アルセウス(かくとう)
,Arceus-Fire,アルセウス(ほのお)
,Arceus-Flying,アルセウス(ひこう)
,Arceus-Ghost,アルセウス(ゴースト)
,Arceus-Grass,アルセウス(くさ)
,Arceus-Ground,アルセウス(じめん)
,Arceus-Ice,アルセウス(こおり)
,Arceus-Poison,アルセウス(どく)
,Arceus-Psychic,アルセウス(エスパー)
,Arceus-Rock,アルセウス(いわ)
,Arceus-Steel,アルセウス(はがね)
,Arceus-Water,アルセウス(みず)
,Arghonaut,
,Azelf,アグノム
,Bastiodon,トリデプス
,Bibarel,ビーダル
,Bidoof,ビッパ
,Bonsly,ウソハチ
,Breezi,
,Bronzong,ドータクン
,Bronzor,ドーミラー
,Budew,スボミー
,Buizel,ブイゼル
,Buneary,ミミロル
,Burmy,ミノムッチ
,Carnivine,マスキッパ
,Chatot,ペラップ
,Cherrim,チェリム
,Cherrim-Sunshine,チェリム
,Cherubi,チェリンボ
,Chimchar,ヒコザル
,Chingling,リーシャン
,Colossoil,
,Combee,ミツハニー
,Cranidos,ズガイドス
,Cresselia,クレセリア
,Croagunk,グレッグル
,Cyclohm,
,Darkrai,ダークライ
,Dialga,ディアルガ
,Dorsoil,
,Drapion,ドラピオン
,Drifblim,フワライド
,Drifloon,フワンテ
,Duohm,
,Dusknoir,ヨノワール
,Electivire,エレキブル
,Embirch,
,Empoleon,エンペルト
,Fidgit,
,Finneon,ケイコウオ
,Flarelm,
,Floatzel,フローゼル
,Froslass,ユキメノコ
,Gabite,ガバイト
,Gallade,エルレイド
,Garchomp,ガブリアス
,Gastrodon,トリトドン
,Gible,フカマル
,Giratina,ギラティナ
,Giratina-Origin,ギラティナ(オリジンフォルム)
,Glaceon,グレイシア
,Glameow,ニャルマー
,Gliscor,グライオン
,Grotle,ハヤシガメ
,Happiny,ピンプク
,Heatran,ヒードラン
,Hippopotas,ヒポポタス
,Hippowdon,カバルドン
,Honchkrow,ドンカラス
,Infernape,ゴウカザル
,Kitsunoh,
,Kricketot,コロボーシ
,Kricketune,コロトック
,Krilowatt,
,Leafeon,リーフィア
,Lickilicky,ベロベルト
,Lopunny,ミミロップ
,Lucario,ルカリオ
,Lumineon,ネオラント
,Luxio,ルクシオ
,Luxray,レントラー
,Magmortar,ブーバーン
,Magnezone,ジバコイル
,Mamoswine,マンムー
,Manaphy,マナフィ
,Mantyke,タマンタ
,Mesprit,エムリット
,Mime Jr.,マネネ
,Mismagius,ムウマージ
,Monferno,モウカザル
,Monohm,
,Mothim,ガーメイル
,Munchlax,ゴンベ
,Nohface,
,Pachirisu,パチリス
,Palkia,パルキア
,Phione,フィオネ
,Piplup,ポッチャマ
,Porygon-Z,ポリゴンＺ
,Prinplup,ポッタイシ
,Privatyke,
,Probopass,ダイノーズ
,Protowatt,
,Purugly,ブニャット
,Pyroak,
,Rampardos,ラムパルド
,Rebble,
,Regigigas,レジギガス
,Revenankh,
,Rhyperior,ドサイドン
,Riolu,リオル
,Roserade,ロズレイド
,Rotom,ロトム
,Rotom-Mow,ロトム(カット)
,Rotom-Frost,ロトム(フロスト)
,Rotom-Heat,ロトム(ヒート)
,Rotom-Fan,ロトム(スピン)
,Rotom-Wash,ロトム(ウォッシュ)
,Shaymin,シェイミ(ランド)
,Shaymin-Sky,シェイミ(スカイ)
,Shellos,カラナクシ
,Shieldon,タテトプス
,Shinx,コリンク
,Skorupi,スコルピ
,Skuntank,スカタンク
,Snover,ユキカブリ
,Spiritomb,ミカルゲ
,Staraptor,ムクホーク
,Staravia,ムクバード
,Starly,ムックル
,Stratagem,
,Stunky,スカンプー
,Syclant,
,Syclar,
,Tactite,
,Tangrowth,モジャンボ
,Togekiss,トゲキッス
,Torterra,ドダイトス
,Toxicroak,ドクロッグ
,Turtwig,ナエトル
,Uxie,ユクシー
,Vespiquen,ビークイン
,Voodoll,
,Voodoom,
,Weavile,マニューラ
,Wormadam,ミノマダム(くさき)
,Wormadam-Sandy,ミノマダム(すなち)
,Wormadam-Trash,ミノマダム(ゴミ)
,Yanmega,メガヤンマ
,Accelgor,アギルダー
,Alomomola,ママンボウ
,Amoonguss,モロバレル
,Archen,アーケン
,Archeops,アーケオス
,Argalis,
,Audino,タブンネ
,Aurumoth,
,Axew,キバゴ
,Basculin,バスラオ(あかすじ)
,Basculin-Blue-Striped,バスラオ(あおすじ)
,Beartic,ツンベアー
,Beheeyem,オーベム
,Bisharp,キリキザン
,Blitzle,シママ
,Boldore,ガントル
,Bouffalant,バッフロン
,Brattler,
,Braviary,ウォーグル
,Carracosta,アバゴーラ
,Cawdet,
,Cawmodore,
,Chandelure,シャンデラ
,Cinccino,チラチーノ
,Cobalion,コバルオン
,Cofagrigus,デスカーン
,Conkeldurr,ローブシン
,Cottonee,モンメン
,Crustle,イワパレス
,Cryogonal,フリージオ
,Cubchoo,クマシュン
,Cupra,
,Darmanitan,ヒヒダルマ
,Darmanitan-Zen,ヒヒダルマ(ダルマ)
,Darumaka,ダルマッカ
,Deerling,シキジカ
,Deino,モノズ
,Dewott,フタチマル
,Drilbur,モグリュー
,Druddigon,クリムガン
,Ducklett,コアルヒー
,Duosion,ダブラン
,Durant,アイアント
,Dwebble,イシズマイ
,Eelektrik,シビビール
,Eelektross,シビルドン
,Elgyem,リグレー
,Emboar,エンブオー
,Emolga,エモンガ
,Escavalier,シュバルゴ
,Excadrill,ドリュウズ
,Ferroseed,テッシード
,Ferrothorn,ナットレイ
,Foongus,タマゲタケ
,Fraxure,オノンド
,Frillish,プルリル
,Galvantula,デンチュラ
,Garbodor,ダストダス
,Genesect,ゲノセクト
,Genesect-Burn,ゲノセクト(ブレイズ)
,Genesect-Chill,ゲノセクト(フリーズ)
,Genesect-Douse,ゲノセクト(アクア)
,Genesect-Shock,ゲノセクト(イナズマ)
,Gigalith,ギガイアス
,Golett,ゴビット
,Golurk,ゴルーグ
,Gothita,ゴチム
,Gothitelle,ゴチルゼル
,Gothorita,ゴチミル
,Gurdurr,ドテッコツ
,Haxorus,オノノクス
,Heatmor,クイタラン
,Herdier,ハーデリア
,Hydreigon,サザンドラ
,Jellicent,ブルンゲル
,Joltik,バチュル
,Karrablast,カブルモ
,Keldeo,ケルディオ
,Keldeo-Resolute,ケルディオ(かくご)
,Klang,ギギアル
,Klink,ギアル
,Klinklang,ギギギアル
,Krokorok,ワルビル
,Krookodile,ワルビアル
,Kyurem,キュレム
,Kyurem-Black,キュレム(ブラック)
,Kyurem-White,キュレム(ホワイト)
,Lampent,ランプラー
,Landorus,ランドロス(けしん)
,Landorus-Therian,ランドロス(れいじゅう)
,Larvesta,メラルバ
,Leavanny,ハハコモリ
,Liepard,レパルダス
,Lilligant,ドレディア
,Lillipup,ヨーテリー
,Litwick,ヒトモシ
,Malaconda,
,Mandibuzz,バルジーナ
,Maractus,マラカッチ
,Meloetta,メロエッタ(ボイス)
,Meloetta-Pirouette,メロエッタ(ステップ)
,Mienfoo,コジョフー
,Mienshao,コジョンド
,Minccino,チラーミィ
,Mollux,
,Munna,ムンナ
,Musharna,ムシャーナ
,Necturine,
,Necturna,
,Oshawott,ミジュマル
,Palpitoad,ガマガル
,Panpour,ヒヤップ
,Pansage,ヤナップ
,Pansear,バオップ
,Patrat,ミネズミ
,Pawniard,コマタナ
,Petilil,チュリネ
,Pidove,マメパト
,Pignite,チャオブー
,Purrloin,チョロネコ
,Reshiram,レシラム
,Reuniclus,ランクルス
,Roggenrola,ダンゴロ
,Rufflet,ワシボン
,Samurott,ダイケンキ
,Sandile,メグロコ
,Sawk,ダゲキ
,Sawsbuck,メブキジカ
,Scolipede,ペンドラー
,Scrafty,ズルズキン
,Scraggy,ズルッグ
,Scratchet,
,Seismitoad,ガマゲロゲ
,Serperior,ジャローダ
,Servine,ジャノビー
,Sewaddle,クルミル
,Shelmet,チョボマキ
,Sigilyph,シンボラー
,Simipour,ヒヤッキー
,Simisage,ヤナッキー
,Simisear,バオッキー
,Snivy,ツタージャ
,Solosis,ユニラン
,Stoutland,ムーランド
,Stunfisk,マッギョ
,Swadloon,クルマユ
,Swanna,スワンナ
,Swoobat,ココロモリ
,Tepig,ポカブ
,Terrakion,テラキオン
,Throh,ナゲキ
,Thundurus,ボルトロス(けしん)
,Thundurus-Therian,ボルトロス(れいじゅう)
,Timburr,ドッコラー
,Tirtouga,プロトーガ
,Tomohawk,
,Tornadus,トルネロス(けしん)
,Tornadus-Therian,トルネロス(れいじゅう)
,Tranquill,ハトーボー
,Trubbish,ヤブクロン
,Tympole,オタマロ
,Tynamo,シビシラス
,Unfezant,ケンホロウ
,Vanillish,バニリッチ
,Vanillite,バニプッチ
,Vanilluxe,バイバニラ
,Venipede,フシデ
,Victini,ビクティニ
,Virizion,ビリジオン
,Volcarona,ウルガモス
,Vullaby,バルチャイ
,Watchog,ミルホッグ
,Whimsicott,エルフーン
,Whirlipede,ホイーガ
,Woobat,コロモリ
,Yamask,デスマス
,Zebstrika,ゼブライカ
,Zekrom,ゼクロム
,Zoroark,ゾロアーク
,Zorua,ゾロア
,Zweilous,ジヘッド
,Aegislash-Blade,ギルガルド(ブレード)
,Aegislash-Shield,ギルガルド(シールド)
,Aegislash-Both,
,Amaura,アマルス
,Arceus-Fairy,アルセウス(フェアリー)
,Aromatisse,フレフワン
,Aurorus,アマルルガ
,Avalugg,クレベース
,Barbaracle,ガメノデス
,Bergmite,カチコール
,Binacle,カメテテ
,Braixen,テールナー
,Bunnelby,ホルビー
,Caimanoe,
,Carbink,メレシー
,Chesnaught,ブリガロン
,Chespin,ハリマロン
,Clauncher,ウデッポウ
,Clawitzer,ブロスター
,Crucibelle,
,Diancie,ディアンシー
,Dedenne,デデンネ
,Delphox,マフォクシー
,Diggersby,ホルード
,Doublade,ニダンギル
,Dragalge,ドラミドロ
,Espurr,ニャスパー
,Fennekin,フォッコ
,Flabébé,フラベベ
,Fletchinder,ヒノヤコマ
,Fletchling,ヤヤコマ
,Floatoy,
,Floette,フラエッテ
,Floette-Eternal,フラエッテ(えいえん)
,Florges,フラージェス
,Froakie,ケロマツ
,Frogadier,ゲコガシラ
,Furfrou,トリミアン
,Gogoat,ゴーゴート
,Goodra,ヌメルゴン
,Goomy,ヌメラ
,Gourgeist,パンプジン(ふつう)
,Gourgeist-Large,パンプジン(おおきい)
,Gourgeist-Small,パンプジン(ちいさい)
,Gourgeist-Super,パンプジン(とくだい)
,Greninja,ゲッコウガ
,Hawlucha,ルチャブル
,Heliolisk,エレザード
,Helioptile,エリキテル
,Honedge,ヒトツキ
,Hoopa,フーパ(いましめられし)
,Hoopa-Unbound,フーパ(ときはなたれし)
,Inkay,マーイーカ
,Kerfluffle,
,Klefki,クレッフィ
,Litleo,シシコ
,Malamar,カラマネロ
,Abomasnow-Mega,
,Absol-Mega,
,Aerodactyl-Mega,
,Aggron-Mega,
,Alakazam-Mega,
,Altaria-Mega,
,Ampharos-Mega,
,Audino-Mega,
,Banette-Mega,
,Beedrill-Mega,
,Blastoise-Mega,
,Blaziken-Mega,
,Camerupt-Mega,
,Charizard-Mega-X,
,Charizard-Mega-Y,
,Crucibelle-Mega,
,Diancie-Mega,
,Gallade-Mega,
,Garchomp-Mega,
,Gardevoir-Mega,
,Gengar-Mega,
,Glalie-Mega,
,Gyarados-Mega,
,Heracross-Mega,
,Houndoom-Mega,
,Kangaskhan-Mega,
,Latias-Mega,
,Latios-Mega,
,Lopunny-Mega,
,Lucario-Mega,
,Manectric-Mega,
,Mawile-Mega,
,Medicham-Mega,
,Metagross-Mega,
,Mewtwo-Mega-X,
,Mewtwo-Mega-Y,
,Pidgeot-Mega,
,Pinsir-Mega,
,Rayquaza-Mega,
,Sableye-Mega,
,Salamence-Mega,
,Sceptile-Mega,
,Scizor-Mega,
,Sharpedo-Mega,
,Slowbro-Mega,
,Steelix-Mega,
,Swampert-Mega,
,Tyranitar-Mega,
,Venusaur-Mega,
,Meowstic,ニャオニクス(オス)
,Meowstic-F,ニャオニクス(メス)
,Naviathan,
,Noibat,オンバット
,Noivern,オンバーン
,Pancham,ヤンチャム
,Pangoro,ゴロンダ
,Phantump,ボクレー
,Plasmanta,
,Pluffle,
,Groudon-Primal,グラードン(ゲンシカイキ)
,Kyogre-Primal,カイオーガ(ゲンシカイキ)
,Pumpkaboo,バケッチャ(ふつう)
,Pumpkaboo-Large,バケッチャ(おおきい)
,Pumpkaboo-Small,バケッチャ(ちいさい)
,Pumpkaboo-Super,バケッチャ(とくだい)
,Pyroar,カエンジシ
,Quilladin,ハリボーグ
,Scatterbug,コフキムシ
,Skiddo,メェークル
,Skrelp,クズモー
,Sliggoo,ヌメイル
,Slurpuff,ペロリーム
,Snugglow,
,Spewpa,コフーライ
,Spritzee,シュシュプ
,Swirlix,ペロッパフ
,Sylveon,ニンフィア
,Talonflame,ファイアロー
,Trevenant,オーロット
,Tyrantrum,ガチゴラス
,Tyrunt,チゴラス
,Vivillon,ビビヨン
,Vivillon-Fancy,
,Vivillon-Pokeball,
,Volcanion,ボルケニオン
,Volkraken,
,Volkritter,
,Xerneas,ゼルネアス
,Yveltal,イベルタル
,Zygarde,ジガルデ
,Araquanid,オニシズクモ
,Araquanid-Totem,
,Bewear,キテルグマ
,Blacephalon,ズガドーン
,Bounsweet,アマカジ
,Brionne,オシャマリ
,Bruxish,ハギギシリ
,Buzzwole,マッシブーン
,Caribolt,
,Celesteela,テッカグヤ
,Charjabug,デンヂムシ
,Comfey,キュワワー
,Cosmoem,コスモウム
,Coribalis,
,Cosmog,コスモッグ
,Crabominable,ケケンカニ
,Crabrawler,マケンカニ
,Cutiefly,アブリー
,Dartrix,フクスロー
,Decidueye,ジュナイパー
,Dewpider,シズクモ
,Dhelmise,ダダリン
,Drampa,ジジーロン
,Diglett-Alola,ディグダ(アローラ)
,Dugtrio-Alola,ダグトリオ(アローラ)
,Electrelk,
,Equilibra,
,Exeggutor-Alola,ナッシー(アローラ)
,Fawnifer,
,Fomantis,カリキリ
,Geodude-Alola,イシツブテ(アローラ)
,Golem-Alola,ゴローニャ(アローラ)
,Golisopod,グソクムシャ
,Graveler-Alola,ゴローン(アローラ)
,Grimer-Alola,ベトベター(アローラ)
,Greninja-Ash,ゲッコウガ(サトシ)
,Greninja-Bond,
,Grubbin,アゴジムシ
,Gumshoos,デカグース
,Gumshoos-Totem,
,Guzzlord,アクジキング
,Hakamo-o,ジャランゴ
,Incineroar,ガオガエン
,Jangmo-o,ジャラコ
,Justyke,
,Jumbao,
,Kartana,カミツルギ
,Komala,ネッコアラ
,Kommo-o,ジャラランガ
,Kommo-o-Totem,
,Litten,ニャビー
,Lunala,ルナアーラ
,Lurantis,ラランテス
,Lurantis-Totem,
,Lycanroc,ルガルガン(まひる)
,Lycanroc-Dusk,ルガルガン(たそがれ)
,Lycanroc-Midnight,ルガルガン(まよなか)
,Magearna,マギアナ
,Mareanie,ヒドイデ
,Marowak-Alola,ガラガラ(アローラ)
,Marowak-Alola-Totem,
,Marshadow,マーシャドー
,Melmetal,メルメタル
,Meltan,メルタン
,Meowth-Alola,ニャース(アローラ)
,Mimikyu,ミミッキュ
,Mimikyu-Busted,
,Mimikyu-Busted-Totem,
,Mimikyu-Totem,
,Minior,メテノ(コア)
,Minior-Meteor,メテノ(りゅうせい)
,Morelull,ネマシュ
,Mudbray,ドロバンコ
,Mudsdale,バンバドロ
,Muk-Alola,ベトベトン(アローラ)
,Mumbao,
,Naganadel,アーゴヨン
,Necrozma,ネクロズマ
,Necrozma-Dawn-Wings,ネクロズマ(あかつき)
,Necrozma-Dusk-Mane,ネクロズマ(たそがれ)
,Necrozma-Ultra,ネクロズマ(ウルトラ)
,Nihilego,ウツロイド
,Ninetales-Alola,キュウコン(アローラ)
,Oranguru,ヤレユータン
,Oricorio,オドリドリ(めらめら)
,Oricorio-Pa'u,オドリドリ(ふらふら)
,Oricorio-Pom-Pom,オドリドリ(ぱちぱち)
,Oricorio-Sensu,オドリドリ(まいまい)
,Pajantom,
,Palossand,シロデスナ
,Passimian,ナゲツケサル
,Persian-Alola,ペルシアン(アローラ)
,Pheromosa,フェローチェ
,Pikachu-Alola,
,Pikachu-Hoenn,
,Pikachu-Kalos,
,Pikachu-Original,
,Pikachu-Partner,
,Pikachu-Sinnoh,
,Pikachu-Unova,
,Pikipek,ツツケラ
,Poipole,ベベノム
,Popplio,アシマリ
,Primarina,アシレーヌ
,Pyukumuku,ナマコブシ
,Raichu-Alola,ライチュウ(アローラ)
,Raticate-Alola,ラッタ(アローラ)
,Raticate-Alola-Totem,
,Rattata-Alola,コラッタ(アローラ)
,Ribombee,アブリボン
,Ribombee-Totem,
,Rockruff,イワンコ
,Rowlet,モクロー
,Salandit,ヤトウモリ
,Salazzle,エンニュート
,Salazzle-Totem,
,Sandshrew-Alola,サンド(アローラ)
,Sandslash-Alola,サンドパン(アローラ)
,Sandygast,スナバァ
,Shiinotic,マシェード
,Silvally,シルヴァディ
,Silvally-Bug,シルヴァディ(むし)
,Silvally-Dark,シルヴァディ(あく)
,Silvally-Dragon,シルヴァディ(ドラゴン)
,Silvally-Electric,シルヴァディ(でんき)
,Silvally-Fairy,シルヴァディ(フェアリー)
,Silvally-Fighting,シルヴァディ(かくとう)
,Silvally-Fire,シルヴァディ(ほのお)
,Silvally-Flying,シルヴァディ(ひこう)
,Silvally-Ghost,シルヴァディ(ゴースト)
,Silvally-Grass,シルヴァディ(くさ)
,Silvally-Ground,シルヴァディ(じめん)
,Silvally-Ice,シルヴァディ(こおり)
,Silvally-Poison,シルヴァディ(どく)
,Silvally-Psychic,シルヴァディ(エスパー)
,Silvally-Rock,シルヴァディ(いわ)
,Silvally-Steel,シルヴァディ(はがね)
,Silvally-Water,シルヴァディ(みず)
,Smogecko,
,Smoguana,
,Smokomodo,
,Snaelstrom,
,Solgaleo,ソルガレオ
,Stakataka,ツンデツンデ
,Steenee,アママイコ
,Stufful,ヌイコグマ
,Swirlpool,
,Tapu Bulu,カプ・ブルル
,Tapu Fini,カプ・レヒレ
,Tapu Koko,カプ・コケコ
,Tapu Lele,カプ・テテフ
,Togedemaru,トゲデマル
,Togedemaru-Totem,
,Torracat,ニャヒート
,Toucannon,ドデカバシ
,Toxapex,ドヒドイデ
,Trumbeak,ケララッパ
,Tsareena,アマージョ
,Turtonator,バクガメス
,Type: Null,タイプ：ヌル
,Vikavolt,クワガノン
,Vikavolt-Totem,
,Vulpix-Alola,ロコン(アローラ)
,Wimpod,コソクムシ
,Wishiwashi,ヨワシ
,Wishiwashi-School,
,Xurkitree,デンジュモク
,Yungoos,ヤングース
,Zeraora,ゼラオラ
,Zygarde-10%,ジガルデ(10%)
,Zygarde-Complete,ジガルデ(パーフェクト)
,Alcremie,マホイップ
,Alcremie-Gmax,
,Appletun,タルップル
,Appletun-Gmax,
,Applin,カジッチュ
,Arctovish,ウオチルドン
,Arctozolt,パッチルドン
,Arrokuda,サシカマス
,Articuno-Galar,フリーザー(ガラル)
,Astrolotl,
,Barraskewda,カマスジョー
,Blastoise-Gmax,
,Blipbug,サッチムシ
,Boltund,パルスワン
,Butterfree-Gmax,
,Calyrex,バドレックス
,Calyrex-Ice,バドレックス(はくば)
,Calyrex-Shadow,バドレックス(こくば)
,Carkol,トロッゴン
,Centiskorch,マルヤクデ
,Centiskorch-Gmax,
,Charizard-Gmax,
,Chewtle,カムカメ
,Chromera,
,Cinderace,エースバーン
,Cinderace-Gmax,
,Clobbopus,タタッコ
,Coalossal,セキタンザン
,Coalossal-Gmax,
,Copperajah,ダイオウドウ
,Copperajah-Gmax,
,Corsola-Galar,サニーゴ(ガラル)
,Corviknight,アーマーガア
,Corviknight-Gmax,
,Corvisquire,アオガラス
,Cramorant,ウッウ
,Cramorant-Gorging,
,Cramorant-Gulping,
,Cufant,ゾウドウ
,Cursola,サニゴーン
,Darmanitan-Galar,ヒヒダルマ(ガラル)
,Darmanitan-Galar-Zen,ヒヒダルマ(ガラル・ダルマ)
,Darumaka-Galar,ダルマッカ(ガラル)
,Dottler,レドームシ
,Dracovish,ウオノラゴン
,Dracozolt,パッチラゴン
,Dragapult,ドラパルト
,Drakloak,ドロンチ
,Drednaw,カジリガメ
,Drednaw-Gmax,
,Dreepy,ドラメシヤ
,Drizzile,ジメレオン
,Dubwool,バイウールー
,Duraludon,ジュラルドン
,Duraludon-Gmax,
,Eevee-Gmax,
,Eiscue,コオリッポ(アイス)
,Eiscue-Noice,コオリッポ(ナイス)
,Eldegoss,ワタシラガ
,Eternatus,ムゲンダイナ
,Eternatus-Eternamax,
,Falinks,タイレーツ
,Farfetch’d-Galar,カモネギ(ガラル)
,Flapple,アップリュー
,Flapple-Gmax,
,Frosmoth,モスノウ
,Garbodor-Gmax,
,Gengar-Gmax,
,Glastrier,ブリザポス
,Gossifleur,ヒメンカ
,Grapploct,オトスパス
,Greedent,ヨクバリス
,Grimmsnarl,オーロンゲ
,Grimmsnarl-Gmax,
,Grookey,サルノリ
,Hatenna,ミブリム
,Hatterene,ブリムオン
,Hatterene-Gmax,
,Hattrem,テブリム
,Impidimp,ベロバー
,Indeedee,イエッサン(オス)
,Indeedee-F,イエッサン(メス)
,Inteleon,インテレオン
,Inteleon-Gmax,
,Kingler-Gmax,
,Kubfu,ダクマ
,Lapras-Gmax,
,Linoone-Galar,マッスグマ(ガラル)
,Magearna-Original,
,Machamp-Gmax,
,Melmetal-Gmax,
,Meowth-Galar,ニャース(ガラル)
,Meowth-Gmax,
,Miasmaw,
,Miasmite,
,Milcery,マホミル
,Moltres-Galar,ファイヤー(ガラル)
,Morgrem,ギモー
,Morpeko,モルペコ
,Morpeko-Hangry,
,Mr. Mime-Galar,バリヤード(ガラル)
,Mr. Rime,バリコオル
,Nickit,クスネ
,Obstagoon,タチフサグマ
,Orbeetle,イオルブ
,Orbeetle-Gmax,
,Perrserker,ニャイキング
,Pikachu-Gmax,
,Pikachu-World,
,Pincurchin,バチンウニ
,Polteageist,ポットデス
,Polteageist-Antique,
,Ponyta-Galar,ポニータ(ガラル)
,Raboot,ラビフット
,Rapidash-Galar,ギャロップ(ガラル)
,Regidrago,レジドラゴ
,Regieleki,レジエレキ
,Rillaboom,ゴリランダー
,Rillaboom-Gmax,
,Rolycoly,タンドン
,Rookidee,ココガラ
,Runerigus,デスバーン
,Saharaja,
,Saharascal,
,Sandaconda,サダイジャ
,Sandaconda-Gmax,
,Scorbunny,ヒバニー
,Silicobra,スナヘビ
,Sinistea,ヤバチャ
,Sinistea-Antique,
,Sirfetch’d,ネギガナイト
,Sizzlipede,ヤクデ
,Skwovet,ホシガリス
,Slowbro-Galar,ヤドラン(ガラル)
,Slowking-Galar,ヤドキング(ガラル)
,Slowpoke-Galar,ヤドン(ガラル)
,Solotl,
,Snom,ユキハミ
,Snorlax-Gmax,
,Sobble,メッソン
,Spectrier,レイスポス
,Stonjourner,イシヘンジン
,Stunfisk-Galar,マッギョ(ガラル)
,Thievul,フォクスライ
,Thwackey,バチンキー
,Toxel,エレズン
,Toxtricity,ストリンダー
,Toxtricity-Gmax,
,Toxtricity-Low-Key,
,Toxtricity-Low-Key-Gmax,
,Urshifu,ウーラオス(いちげき)
,Urshifu-Rapid-Strike,ウーラオス(れんげき)
,Urshifu-Rapid-Strike-Gmax,
,Urshifu-Gmax,
,Venomicon,
,Venomicon-Epilogue,
,Venusaur-Gmax,
,Weezing-Galar,マタドガス(ガラル)
,Wooloo,ウールー
,Yamask-Galar,デスマス(ガラル)
,Yamper,ワンパチ
,Zacian,ザシアン(れきせん)
,Zacian-Crowned,ザシアン(おう)
,Zamazenta,ザマゼンタ(れきせん)
,Zamazenta-Crowned,ザマゼンタ(おう)
,Zapdos-Galar,サンダー(ガラル)
,Zarude,ザルード
,Zarude-Dada,
,Zigzagoon-Galar,ジグザグマ(ガラル)
,Ababo,
,Annihilape,コノヨザル
,Arboliva,オリーヴァ
,Archaludon,ブリジュラス
,Arctibax,セゴール
,Armarouge,グレンアルマ
,Baxcalibur,セグレイブ
,Bellibolt,ハラバリー
,Bombirdier,オトシドリ
,Brambleghast,アノホラグサ
,Bramblin,アノクサ
,Brute Bonnet,アラブルタケ
,Capsakid,カプサイジ
,Ceruledge,ソウブレイズ
,Cetitan,ハルクジラ
,Cetoddle,アルクジラ
,Charcadet,カルボウ
,Chi-Yu,イーユイ
,Chien-Pao,パオジアン
,Clodsire,ドオー
,Cresceidon,
,Crocalor,アチゲータ
,Cyclizar,モトトカゲ
,Dachsbun,バウッツェル
,Dipplin,カミッチュ
,Dolliv,オリーニョ
,Dondozo,ヘイラッシャ
,Dudunsparce,ノココッチ(ふたふし)
,Dudunsparce-Three-Segment,ノココッチ(みつふし)
,Espathra,クエスパトラ
,Farigiraf,リキキリン
,Fezandipiti,キチキギス
,Fidough,パピモッチ
,Finizen,ナミイルカ
,Flamigo,カラミンゴ
,Flittle,ヒラヒナ
,Floragato,ニャローテ
,Flutter Mane,ハバタクカミ
,Frigibax,セビエ
,Fuecoco,ホゲータ
,Garganacl,キョジオーン
,Gholdengo,サーフゴー
,Gimmighoul,コレクレー(はこ)
,Gimmighoul-Roaming,コレクレー(とほ)
,Glimmet,キラーメ
,Glimmora,キラフロル
,Gouging Fire,ウガツホムラ
,Grafaiai,タギングル
,Great Tusk,イダイナキバ
,Greavard,ボチ
,Hemogoblin,
,Houndstone,ハカドッグ
,Hydrapple,カミツオロチ
,Iron Bundle,テツノツツミ
,Iron Boulder,テツノイワオ
,Iron Crown,テツノカシラ
,Iron Hands,テツノカイナ
,Iron Jugulis,テツノコウベ
,Iron Leaves,テツノイサハ
,Iron Moth,テツノドクガ
,Iron Thorns,テツノイバラ
,Iron Treads,テツノワダチ
,Iron Valiant,テツノブジン
,Kilowattrel,タイカイデン
,Kingambit,ドドゲザン
,Klawf,ガケガニ
,Koraidon,コライドン
,Lechonk,グルトン
,Lokix,エクスレッグ
,Mabosstiff,マフィティフ
,Maschiff,オラチフ
,Maushold,イッカネズミ(さんびき)
,Maushold-Four,イッカネズミ(よんひき)
,Meowscarada,マスカーニャ
,Miraidon,ミライドン
,Munkidori,マシマシラ
,Nacli,コジオ
,Naclstack,ジオヅム
,Nymble,マメバッタ
,Ogerpon,オーガポン(みどり)
,Ogerpon-Wellspring,オーガポン(いど)
,Ogerpon-Hearthflame,オーガポン(かまど)
,Ogerpon-Cornerstone,オーガポン(いしずえ)
,Ogerpon-Teal-Tera,オーガポン(みどり・テラス)
,Ogerpon-Wellspring-Tera,オーガポン(いど・テラス)
,Ogerpon-Hearthflame-Tera,オーガポン(かまど・テラス)
,Ogerpon-Cornerstone-Tera,オーガポン(いしずえ・テラス)
,Oinkologne,パフュートン(オス)
,Oinkologne-F,パフュートン(メス)
,Okidogi,イイネイヌ
,Orthworm,ミミズズ
,Palafin,イルカマン(ナイーブ)
,Palafin-Hero,イルカマン(マイティ)
,Pawmi,パモ
,Pawmo,パモット
,Pawmot,パーモット
,Pecharunt,モモワロウ
,Poltchageist,チャデス
,Poltchageist-Artisan,
,Quaquaval,ウェーニバル
,Quaxly,クワッス
,Quaxwell,ウェルカモ
,Rabsca,ベラカス
,Raging Bolt,タケルライコ
,Rellor,シガロコ
,Revavroom,ブロロローム
,Roaring Moon,トドロクツキ
,Sandy Shocks,スナノケガワ
,Scattervein,
,Scovillain,スコヴィラン
,Scream Tail,サケブシッポ
,Shroodle,シルシュルー
,Sinistcha,ヤバソチャ
,Sinistcha-Masterpiece,
,Skeledirge,ラウドボーン
,Slither Wing,チヲハウハネ
,Smoliv,ミニーブ
,Spidops,ワナイダー
,Sprigatito,ニャオハ
,Squawkabilly,イキリンコ(グリーン)
,Squawkabilly-Blue,イキリンコ(イエロー)
,Squawkabilly-White,イキリンコ(ブルー)
,Squawkabilly-Yellow,イキリンコ(ホワイト)
,Tadbulb,ズピカ
,Tandemaus,ワッカネズミ
,Tarountula,タマンチュラ
,Tatsugiri,シャリタツ
,Tauros-Paldea-Aqua,ケンタロス(パルデア・ウォーター)
,Tauros-Paldea-Blaze,ケンタロス(パルデア・ブレイズ)
,Tauros-Paldea-Combat,ケンタロス(パルデア・コンバット)
,Terapagos,テラパゴス
,Terapagos-Stellar,テラパゴス(ステラ)
,Terapagos-Terastal,テラパゴス(テラスタル)
,Ting-Lu,ディンルー
,Tinkatink,カヌチャン
,Tinkaton,デカヌチャン
,Tinkatuff,ナカヌチャン
,Toedscool,ノノクラゲ
,Toedscruel,リククラゲ
,Ursaluna,ガチグマ
,Ursaluna-Bloodmoon,ガチグマ(アカツキ)
,Varoom,ブロロン
,Veluza,ミガルーサ
,Walking Wake,ウネルミナモ
,Wattrel,カイデン
,Wiglett,ウミディグダ
,Wo-Chien,チオンジェン
,Wooper-Paldea,ウパー(パルデアのすがた)
,Wugtrio,ウミトリオ
,Arcanine-Hisui,ウインディ(ヒスイ)
,Avalugg-Hisui,クレベース(ヒスイ)
,Basculegion,イダイトウ(オス)
,Basculegion-F,イダイトウ(メス)
,Basculin-White-Striped,バスラオ(しろすじ)
,Braviary-Hisui,ウォーグル(ヒスイ)
,Decidueye-Hisui,ジュナイパー(ヒスイ)
,Dialga-Origin,ディアルガ(オリジン)
,Electrode-Hisui,マルマイン(ヒスイ)
,Enamorus,ラブトロス(けしん)
,Enamorus-Therian,ラブトロス(れいじゅう)
,Goodra-Hisui,ヌメルゴン(ヒスイ)
,Growlithe-Hisui,ガーディ(ヒスイ)
,Kleavor,バサギリ
,Lilligant-Hisui,ドレディア(ヒスイ)
,Overqwil,ハリーマン
,Palkia-Origin,パルキア(オリジン)
,Qwilfish-Hisui,ハリーセン(ヒスイ)
,Samurott-Hisui,ダイケンキ(ヒスイ)
,Sliggoo-Hisui,ヌメイル(ヒスイ)
,Sneasel-Hisui,ニューラ(ヒスイ)
,Sneasler,オオニューラ
,Typhlosion-Hisui,バクフーン(ヒスイ)
,Voltorb-Hisui,ビリリダマ(ヒスイ)
,Wyrdeer,アヤシシ
,Zoroark-Hisui,ゾロアーク(ヒスイ)
,Zorua-Hisui,ゾロア(ヒスイ)